k,PT_RG,PT_UG,ratio_UG_over_RG,N_exit_RG,N_exit_UG,H_exit_RG,H_exit_UG,eps1_exit_RG,eps1_exit_UG
1.047299184472427260e+04,7.493517497951842300e-10,6.852547498730577104e-10,9.144634012803122269e-01,6.939673511673714046e+00,6.982964751243731172e+00,1.014399094860386086e+01,9.714214894613318663e+00,3.235887020571531249e-03,8.537182458374538777e-03
8.528622082226711791e+04,7.391297903611956582e-10,6.618562669580802698e-10,8.954533771864970904e-01,9.043741935170423574e+00,9.097683064191457447e+00,1.007468908614842462e+01,9.545645848214938667e+00,3.280509596426676739e-03,8.032351041915792092e-03
6.945235487611526623e+05,7.289075181488427196e-10,6.404943952987780125e-10,8.787046084054647155e-01,1.114790586837358966e+01,1.121141245588120583e+01,1.000490506996747087e+01,9.389282622049973881e+00,3.326381477912366581e-03,7.607971073513269955e-03
5.655813508128214628e+06,7.186849242629177218e-10,6.208205969063110264e-10,8.638286068725092859e-01,1.325216801334921435e+01,1.332431718769101003e+01,9.934628679021452413e+00,9.243099988036258097e+00,3.373555916615757558e-03,7.256668336486395143e-03
4.605779961785921454e+07,7.084619994231495406e-10,6.025438192978014432e-10,8.504956084989883092e-01,1.535653118856699351e+01,1.543654586431119746e+01,9.863849325628116560e+00,9.105346922059244008e+00,3.422089236049915845e-03,6.971474618422249248e-03
3.750691041333357692e+08,6.982387339413337306e-10,5.854206598291875905e-10,8.384247842062209077e-01,1.746099833568803206e+01,1.754823248943324288e+01,9.792556036768706562e+00,8.974510165397051153e+00,3.472041056485226148e-03,6.745901645828852530e-03
3.054354181975184917e+09,6.880151176971697517e-10,5.692473856962239708e-10,8.273762756863992651e-01,1.956557252685488280e+01,1.965949761834797016e+01,9.720737434150008127e+00,8.849282584293618470e+00,3.523474539885657845e-03,6.573981900524057675e-03
2.487296171862997437e+10,6.777911401122573063e-10,5.538534207834260045e-10,8.171446748207649158e-01,2.167025697252920580e+01,2.177044955419954420e+01,9.648381712919386288e+00,8.728535679491514543e+00,3.576456656977779029e-03,6.450288515032655615e-03
2.025515666478323669e+11,6.675667901215153878e-10,5.390959892407190801e-10,8.075536369066365072e-01,2.377505502992718789e+01,2.388118555667168152e+01,9.575476618919790184e+00,8.611295610389786859e+00,3.631058478909493601e-03,6.369942902478975197e-03
1.649467305727477539e+12,6.573420561437025976e-10,5.248556716876536216e-10,7.984513797378485211e-01,2.587997021210834703e+01,2.599179304625168996e+01,9.502009424360403855e+00,8.496722156284700844e+00,3.687355496096198643e-03,6.328615385248963048e-03
1.343234435403948828e+13,6.471169260479442476e-10,5.110326853385134397e-10,7.897068748602806831e-01,2.798500619777933451e+01,2.810235079502486855e+01,9.427966901765797658e+00,8.384090125231063340e+00,3.745427967325704304e-03,6.322521430161957487e-03
1.093855417558100625e+14,6.368913871189843637e-10,4.975437447339540598e-10,7.812065837232035070e-01,3.009016684188146229e+01,3.021293009819077824e+01,9.353335296052394554e+00,8.272772821000371479e+00,3.805361302501418606e-03,6.348414472636166456e-03
8.907750151308280000e+14,6.266654260183358044e-10,4.843193956690951602e-10,7.728516295311372852e-01,3.219545618703828183e+01,3.232359592141000348e+01,9.278100294564865180e+00,8.162227272825656854e+00,3.867246482867007628e-03,6.403575695280210034e-03
7.253976301115537000e+15,6.164390287436703455e-10,4.713017419326863176e-10,7.645553249495247172e-01,3.430087847594860051e+01,3.443440801958526265e+01,9.202246994887081755e+00,8.051981008527608452e+00,3.931180523070811755e-03,6.485801252940818704e-03
5.907234855416023200e+16,6.062121805832254152e-10,4.584425037774526592e-10,7.562409969004477706e-01,3.640643816482014472e+01,3.654542202395851547e+01,9.125759870222406533e+00,7.941620203605358697e+00,3.997266980014974741e-03,6.593387947420524878e-03
4.810523523722539520e+17,5.959848660676171014e-10,4.457013601591343822e-10,7.478400636243128785e-01,3.851213993795057888e+01,3.865669049693588022e+01,9.048622732114697698e+00,7.830779067738538046e+00,4.065616514112935578e-03,6.725118938316109254e-03
3.917422810957154816e+18,5.857570689163047118e-10,4.330445353902065037e-10,7.392903276291175052e-01,4.061798872357567802e+01,4.076826395776754453e+01,8.970818690256106009e+00,7.719130340761362064e+00,4.136347509363707750e-03,6.880251545704720549e-03
3.190131262040283546e+19,5.755287719804752973e-10,4.204435964789467569e-10,7.305344527470647442e-01,4.272398971111915245e+01,4.288019188679964344e+01,8.892330109098290691e+00,7.606376768786828890e+00,4.209586759560380274e-03,7.058509505595304476e-03
2.597865474357661204e+20,5.652999571798587369e-10,4.078744312608999398e-10,7.215185957127686622e-01,4.483014836999556252e+01,4.499252372117312859e+01,8.813138560950568134e+00,7.492243423311678363e+00,4.285470229037073586e-03,7.260082230050428527e-03
2.115557156899938894e+21,5.550706054336415094e-10,3.953163802854694796e-10,7.121911634586267636e-01,4.693647047013736540e+01,4.710530986044039281e+01,8.733224775210727486e+00,7.376470715528629540e+00,4.364143897546969054e-03,7.485633803557150724e-03
1.722792087691595665e+22,5.448406965849200813e-10,3.827514977671830585e-10,7.025016673062096650e-01,4.904296210443957449e+01,4.921860270671479753e+01,8.652568583331280649e+00,7.258807946357428875e+00,4.445764700353124071e-03,7.736324736828995539e-03
1.402946059733023284e+23,5.346102093194563646e-10,3.701639189427311181e-10,6.923996446194682353e-01,5.114962971334089303e+01,5.133245777104259844e+01,8.571148859074698478e+00,7.139007219705328033e+00,4.530501576285663433e-03,8.013850024853316767e-03
1.142481243431831966e+24,5.243791210735439621e-10,3.575393129750879029e-10,6.818336173322643301e-01,5.325648011179065833e+01,5.344693488636000467e+01,8.488943453555041430e+00,7.016817530556559213e+00,4.618536638557174494e-03,8.320497954980982797e-03
9.303731833010976648e+24,5.141474079363372650e-10,3.448644019731740482e-10,6.707500546533453623e-01,5.536352051888467685e+01,5.556209957867542215e+01,8.405929124498285887e+00,6.891978817840971772e+00,4.710066485391800270e-03,8.659235554853287817e-03
7.576441759391256066e+25,5.039150445385568873e-10,3.321265277156328120e-10,6.590923039810537842e-01,5.747075859049403590e+01,5.767802466346596191e+01,8.322081459079543109e+00,6.764215740587082415e+00,4.805303670390048514e-03,9.033828804211649355e-03
6.169832790082734785e+26,4.936820039321432611e-10,3.193132480412557571e-10,6.467994488313280055e-01,5.957820245525676484e+01,5.979479215585703855e+01,8.237374789609331671e+00,6.633230888944779302e+00,4.904478355853334956e-03,9.449009139790279579e-03
5.024368676812565148e+27,4.834482574560386211e-10,3.064119443841252695e-10,6.338050446111871405e-01,6.168586075435772642e+01,6.191249561423030912e+01,8.151782101240941714e+00,6.498697071082069066e+00,5.007840176118911503e-03,9.910702975221400562e-03
4.091566410213319521e+28,4.732137745879610983e-10,2.934094202339162592e-10,6.200356709594835314e-01,6.379374268558549943e+01,6.403124308256811048e+01,8.065274930756082483e+00,6.360248210393405266e+00,5.115660342823500663e-03,1.042634896382158699e-02
3.331944123934444495e+29,4.629785227794432440e-10,2.802914668571714176e-10,6.054092210897189519e-01,6.590185805223073601e+01,6.615116086526207084e+01,7.977823255350319442e+00,6.217468225586769925e+00,5.228234029478142156e-03,1.100534029722917938e-02
2.713349981881991904e+30,4.527424672717889450e-10,2.670423665583566055e-10,5.898328207811938118e-01,6.801021731747918864e+01,6.827239847279483342e+01,7.889395370183074796e+00,6.069877017652004270e+00,5.345883079657193226e-03,1.165964950556926637e-02
2.209601316928883367e+31,4.425055708921907215e-10,2.536442936019686247e-10,5.732002268142403212e-01,7.011883166505774057e+01,7.039513524064891214e+01,7.799957753271844929e+00,5.916912299751415638e+00,5.468959091230534211e-03,1.240472648574466111e-02
1.799376421167550621e+32,4.322677938226470516e-10,2.400765561872823910e-10,5.553884874564173346e-01,7.222771306701727667e+01,7.251958938748114747e+01,7.709474916093039809e+00,5.757905387245075168e+00,5.597846939022674793e-03,1.326081702340649489e-02
1.465312081526945534e+33,4.220290933451217255e-10,2.263145948451288493e-10,5.362535389475059366e-01,7.433687435968488444e+01,7.464603071583414362e+01,7.617909237995428740e+00,5.592048050883271948e+00,5.732968810437752243e-03,1.425494857974861709e-02
1.193268662971380095e+34,4.117894235508069201e-10,2.123286048399403910e-10,5.156242309699415882e-01,7.644632932899732225e+01,7.677479890963151377e+01,7.525220782227865612e+00,5.418345818886625587e+00,5.874788843426880999e-03,1.542401234347746779e-02
9.717316331315058309e+34,4.015487350139689339e-10,1.980815655760494522e-10,4.932939598705463613e-01,7.855609280664241112e+01,7.890633072638036083e+01,7.431367091020916860e+00,5.235550090471558171e+00,6.023818474408701787e-03,1.681971997251990175e-02
7.913241972491748462e+35,3.913069744233918167e-10,1.835263035711883013e-10,4.690085165019673985e-01,8.066618077869483727e+01,8.104120190442323235e+01,7.336302956729556790e+00,5.042055849895177744e+00,6.180622626350841184e-03,1.851692051809404604e-02
6.444104151823028354e+36,3.810640841630208383e-10,1.686009095422851010e-10,4.424476526372317919e-01,8.277661050874874604e+01,8.318019461935641345e+01,7.239980165524685596e+00,4.835740910818556060e+00,6.345826895248229439e-03,2.062828834664600514e-02
5.247720019670623532e+37,3.708200018360364721e-10,1.532211879285554308e-10,4.131955859174620271e-01,8.488740067793429489e+01,8.532441200456216279e+01,7.142347209495066629e+00,4.613699992590348131e+00,6.520125928247856063e-03,2.333194877184054800e-02
4.273451321711059582e+38,3.605746597190167790e-10,1.372673437429021841e-10,3.806904895920024678e-01,8.699857154467666476e+01,8.747548604702708985e+01,7.043348962262733437e+00,4.371775675201664768e+00,6.704293230684351887e-03,2.692773611707577688e-02
3.480061079969787073e+39,3.503279841366634136e-10,1.205583044560515018e-10,3.441298152448521996e-01,8.911014512763844664e+01,8.963598943490973170e+01,6.942926312290879309e+00,4.103659092160565791e+00,6.899192694895114712e-03,3.196429324102535718e-02
