scenario,N_f,N_star,N_exit,H,eps1,eps2,P_T,n_T,A_s_A2,A_s_A1,A_s_cs,ns_std,r_A2,r_A1,r_cs,r_16eps1,P_T_RG_numeric,PT_RG_over_map
"1: eps1=(1+Nf-N)^-g, g=2.02",1.000000e+02,5.000000e+01,5.000000e+01,6.761079e-06,3.553925e-04,3.960784e-02,9.261413e-12,-7.188968e-04,1.629049e-09,8.464785e-09,2.821595e-09,9.596814e-01,5.685167e-03,1.094111e-03,3.282333e-03,5.686280e-03,,
"1: eps1=(1+Nf-N)^-g, g=2.02",1.000000e+02,5.700000e+01,4.300000e+01,6.775867e-06,2.740788e-04,3.482759e-02,9.302390e-12,-5.536153e-04,2.121605e-09,1.102418e-08,3.674728e-09,9.646243e-01,4.384601e-03,8.438168e-04,2.531450e-03,4.385261e-03,,
"1: eps1=(1+Nf-N)^-g, g=2.02",1.000000e+02,6.000000e+01,4.000000e+01,6.781163e-06,2.475334e-04,3.311475e-02,9.317077e-12,-4.997402e-04,2.352800e-09,1.222551e-08,4.075169e-09,9.663902e-01,3.959996e-03,7.621015e-04,2.286305e-03,3.960534e-03,,
"1: eps1=(1+Nf-N)^-g, g=1.5",1.000000e+02,5.000000e+01,5.000000e+01,1.441838e-05,2.745647e-03,2.941176e-02,4.206371e-11,-5.551607e-03,9.589559e-10,4.982881e-09,1.660960e-09,9.650969e-01,4.386407e-02,8.441645e-03,2.532493e-02,4.393036e-02,,
"1: eps1=(1+Nf-N)^-g, g=1.5",1.000000e+02,6.000000e+01,4.000000e+01,1.476835e-05,2.098965e-03,2.459016e-02,4.414630e-11,-4.235459e-03,1.316039e-09,6.838341e-09,2.279447e-09,9.712119e-01,3.354482e-02,6.455704e-03,1.936711e-02,3.358344e-02,,
3: mapeo slow-roll starobinsky,1.000000e+02,5.000000e+01,5.000000e+01,4.751449e-06,2.620192e-04,3.790633e-02,4.574249e-12,-5.297131e-04,1.091263e-09,5.670368e-09,1.890123e-09,9.615696e-01,4.191703e-03,8.066936e-04,2.420081e-03,4.192307e-03,5.620688e-12,1.228767e+00
3: mapeo slow-roll starobinsky,1.000000e+02,6.000000e+01,4.000000e+01,4.761928e-06,1.852432e-04,3.180238e-02,4.594644e-12,-3.738223e-04,1.550364e-09,8.055928e-09,2.685309e-09,9.678271e-01,2.963590e-03,5.703432e-04,1.711029e-03,2.963891e-03,5.646796e-12,1.228995e+00
3: mapeo slow-roll quadratic,1.000000e+02,5.000000e+01,5.000000e+01,2.594867e-05,9.900990e-03,1.980198e-02,1.357023e-10,-2.011179e-02,8.613145e-10,4.475521e-09,1.491840e-09,9.603960e-01,1.575526e-01,3.032101e-02,9.096302e-02,1.584158e-01,1.745910e-10,1.286574e+00
3: mapeo slow-roll quadratic,1.000000e+02,6.000000e+01,4.000000e+01,2.840188e-05,8.264463e-03,1.652893e-02,1.627236e-10,-1.674386e-02,1.236203e-09,6.423499e-09,2.141166e-09,9.669421e-01,1.316318e-01,2.533254e-02,7.599763e-02,1.322314e-01,2.098478e-10,1.289597e+00
