N_exit,P_T_UGrad,P_T_RGrec,stopped_early_UGrad,ratio_final_UGrad,stopped_early_RGrec,ratio_final_RGrec
8.0,9.414750444225328e-12,9.414750444026624e-12,False,0.0010000000000000002,False,0.0010000000000000002
11.10344827586207,9.408327776424949e-12,9.408327776387479e-12,False,0.0009999999999999985,False,0.0010000000000000002
14.206896551724139,9.40144442761273e-12,9.401444427652135e-12,False,0.0010000000000000002,False,0.0009999999999999985
17.310344827586206,9.394049182007625e-12,9.394049182034546e-12,False,0.0010000000000000002,False,0.0010000000000000002
20.413793103448278,9.386082955334602e-12,9.386082955443603e-12,False,0.0010000000000000002,False,0.0010000000000000002
23.517241379310345,9.37747722593158e-12,9.377477225955396e-12,False,0.0009999999999999985,False,0.0009999999999999966
26.620689655172413,9.368152073641898e-12,9.368152073634505e-12,False,0.0009999999999999987,False,0.0009999999999999985
29.724137931034484,9.35801371072372e-12,9.358013710851577e-12,False,0.001000000000000002,False,0.001
32.827586206896555,9.34695134176463e-12,9.346951341907354e-12,False,0.0009999999999999985,False,0.001000000000000002
35.93103448275862,9.334833129994383e-12,9.334833130201135e-12,False,0.0009999999999999966,False,0.000999999999999995
39.03448275862069,9.321500960885941e-12,9.321500961109081e-12,False,0.0010000000000000002,False,0.0009999999999999966
42.13793103448276,9.306763560345784e-12,9.306763560699583e-12,False,0.0009999999999999968,False,0.0009999999999999968
45.241379310344826,9.290387334344943e-12,9.290387334655278e-12,False,0.0009999999999999983,False,0.0009999999999999966
48.3448275862069,9.272083995625997e-12,9.272083996079103e-12,False,0.0010000000000000037,False,0.0009999999999999983
51.44827586206897,9.25149358627464e-12,9.251493586871414e-12,False,0.0009999999999999987,False,0.0010000000000000005
54.55172413793103,9.228160762342985e-12,9.228160763074557e-12,False,0.000999999999999995,False,0.0009999999999999968
57.6551724137931,9.201501007475407e-12,9.20150100854457e-12,False,0.0009999999999999788,False,0.0009999999999999684
60.758620689655174,9.170751405127358e-12,9.170751406576923e-12,False,0.0010000000000000215,False,0.0010000000000000022
63.86206896551724,9.134897068908823e-12,9.134897070691734e-12,False,0.0010000000000000072,False,0.001000000000000011
66.9655172413793,9.092557937503985e-12,9.092557939970034e-12,False,0.0010000000000000037,False,0.0010000000000000074
70.06896551724138,9.041808591627513e-12,9.041808595041483e-12,False,0.0009999999999999985,False,0.0010000000000000057
73.17241379310344,8.97987984439323e-12,8.979879849225272e-12,False,0.001000000000000002,False,0.0009999999999999948
76.27586206896552,8.902640589259416e-12,8.902640596422462e-12,False,0.0010000000000000057,False,0.0010000000000000002
79.37931034482759,8.803644894817544e-12,8.803644906115899e-12,False,0.001000000000000004,False,0.0010000000000000057
82.48275862068965,8.67224997021581e-12,8.672249988323778e-12,False,0.0009999999999999968,False,0.000999999999999995
85.58620689655173,8.489543478386028e-12,8.489543510395118e-12,False,0.0009999999999999968,False,0.0010000000000000002
88.6896551724138,8.218386521395876e-12,8.218386586352251e-12,False,0.0009999999999999985,False,0.0009999999999999879
91.79310344827586,7.774433392300695e-12,7.774433552974582e-12,False,0.0010000000000000072,False,0.000999999999999995
94.89655172413794,6.914247121558956e-12,6.91424767877153e-12,True,0.013870678815949207,True,0.013870595267676464
98.0,4.698210482132897e-12,4.698215611132257e-12,True,0.26202822100889106,True,0.2620266427151705
