k,N_exit_RG,N_exit_UG,PT_RG,PT_UG,ratio_UG_over_RG,eps1_exit_UG
10472.991844724273,6.939673511673714,6.982964751243731,7.493517497951842e-10,6.852547498730577e-10,0.9144634012803122,0.008537182458374539
85286.22082226712,9.043741935170424,9.097683064191457,7.391297903611957e-10,6.618562669580803e-10,0.8954533771864971,0.008032351041915792
694523.5487611527,11.14790586837359,11.211412455881206,7.289075181488427e-10,6.40494395298778e-10,0.8787046084054647,0.00760797107351327
5655813.508128215,13.252168013349214,13.32431718769101,7.186849242629177e-10,6.20820596906311e-10,0.8638286068725093,0.007256668336486395
46057799.617859215,15.356531188566994,15.436545864311197,7.084619994231495e-10,6.025438192978014e-10,0.8504956084989883,0.006971474618422249
375069104.13333577,17.460998335688032,17.548232489433243,6.982387339413337e-10,5.854206598291876e-10,0.8384247842062209,0.0067459016458288525
3054354181.975185,19.565572526854883,19.65949761834797,6.880151176971698e-10,5.69247385696224e-10,0.8273762756863993,0.006573981900524058
24872961718.629974,21.670256972529206,21.770449554199544,6.777911401122573e-10,5.53853420783426e-10,0.8171446748207649,0.006450288515032656
202551566647.83237,23.775055029927188,23.88118555667168,6.675667901215154e-10,5.390959892407191e-10,0.8075536369066365,0.006369942902478975
1649467305727.4775,25.879970212108347,25.99179304625169,6.573420561437026e-10,5.248556716876536e-10,0.7984513797378485,0.006328615385248963
13432344354039.488,27.985006197779335,28.10235079502487,6.471169260479442e-10,5.110326853385134e-10,0.7897068748602807,0.0063225214301619575
109385541755810.06,30.090166841881462,30.21293009819078,6.368913871189844e-10,4.975437447339541e-10,0.7812065837232035,0.0063484144726361665
890775015130828.0,32.19545618703828,32.32359592141,6.266654260183358e-10,4.843193956690952e-10,0.7728516295311373,0.00640357569528021
7253976301115537.0,34.3008784759486,34.43440801958526,6.164390287436703e-10,4.713017419326863e-10,0.7645553249495247,0.006485801252940819
5.907234855416023e+16,36.406438164820145,36.545422023958515,6.062121805832254e-10,4.5844250377745266e-10,0.7562409969004478,0.006593387947420525
4.8105235237225395e+17,38.51213993795058,38.65669049693588,5.959848660676171e-10,4.457013601591344e-10,0.7478400636243129,0.006725118938316109
3.917422810957155e+18,40.61798872357568,40.768263957767545,5.857570689163047e-10,4.330445353902065e-10,0.7392903276291175,0.0068802515457047205
3.1901312620402835e+19,42.72398971111915,42.88019188679964,5.755287719804753e-10,4.2044359647894676e-10,0.7305344527470647,0.0070585095055953045
2.5978654743576612e+20,44.83014836999556,44.99252372117313,5.652999571798587e-10,4.0787443126089994e-10,0.7215185957127687,0.0072600822300504285
2.115557156899939e+21,46.936470470137365,47.10530986044039,5.550706054336415e-10,3.953163802854695e-10,0.7121911634586268,0.007485633803557151
1.7227920876915957e+22,49.042962104439574,49.2186027067148,5.448406965849201e-10,3.8275149776718306e-10,0.7025016673062097,0.0077363247368289955
1.4029460597330233e+23,51.14962971334089,51.3324577710426,5.346102093194564e-10,3.701639189427311e-10,0.6923996446194682,0.008013850024853317
1.142481243431832e+24,53.25648011179066,53.446934886360005,5.24379121073544e-10,3.575393129750879e-10,0.6818336173322643,0.008320497954980983
9.303731833010977e+24,55.36352051888468,55.56209957867542,5.141474079363373e-10,3.4486440197317405e-10,0.6707500546533454,0.008659235554853288
7.576441759391256e+25,57.470758590494036,57.67802466346596,5.039150445385569e-10,3.321265277156328e-10,0.6590923039810538,0.00903382880421165
6.169832790082735e+26,59.578202455256765,59.79479215585704,4.936820039321433e-10,3.1931324804125576e-10,0.646799448831328,0.00944900913979028
5.024368676812565e+27,61.685860754357726,61.91249561423031,4.834482574560386e-10,3.0641194438412527e-10,0.6338050446111871,0.0099107029752214
4.0915664102133195e+28,63.7937426855855,64.03124308256811,4.732137745879611e-10,2.9340942023391626e-10,0.6200356709594835,0.010426348963821587
3.3319441239344445e+29,65.90185805223074,66.15116086526207,4.6297852277944324e-10,2.802914668571714e-10,0.605409221089719,0.01100534029722918
2.713349981881992e+30,68.01021731747919,68.27239847279483,4.5274246727178895e-10,2.670423665583566e-10,0.5898328207811938,0.011659649505569266
2.2096013169288834e+31,70.11883166505774,70.39513524064891,4.425055708921907e-10,2.536442936019686e-10,0.5732002268142403,0.012404726485744661
1.7993764211675506e+32,72.22771306701728,72.51958938748115,4.3226779382264705e-10,2.400765561872824e-10,0.5553884874564173,0.013260817023406495
1.4653120815269455e+33,74.33687435968488,74.64603071583414,4.220290933451217e-10,2.2631459484512885e-10,0.5362535389475059,0.014254948579748617
1.19326866297138e+34,76.44632932899732,76.77479890963151,4.117894235508069e-10,2.123286048399404e-10,0.5156242309699416,0.015424012343477468
9.717316331315058e+34,78.55609280664241,78.90633072638036,4.0154873501396893e-10,1.9808156557604945e-10,0.49329395987054636,0.016819719972519902
7.913241972491748e+35,80.66618077869484,81.04120190442323,3.913069744233918e-10,1.835263035711883e-10,0.4690085165019674,0.018516920518094046
6.444104151823028e+36,82.77661050874875,83.18019461935641,3.8106408416302084e-10,1.686009095422851e-10,0.4424476526372318,0.020628288346646005
5.247720019670624e+37,84.8874006779343,85.32441200456216,3.7082000183603647e-10,1.5322118792855543e-10,0.413195585917462,0.023331948771840548
4.2734513217110596e+38,86.99857154467666,87.47548604702709,3.605746597190168e-10,1.3726734374290218e-10,0.38069048959200247,0.026927736117075777
3.480061079969787e+39,89.11014512763845,89.63598943490973,3.503279841366634e-10,1.205583044560515e-10,0.3441298152448522,0.03196429324102536
