parametro,valor,max_error_relativo,tolerancia,es_valor_por_defecto,valor_verdad
rtol_mode,1e-06,2.1926859677945387e-06,1e-07,False,1e-13
rtol_mode,1e-08,2.3558853756711073e-09,1e-07,False,1e-13
rtol_mode,1e-10,1.074620392671477e-10,1e-07,True,1e-13
rtol_mode,1e-12,2.185363001672158e-12,1e-07,False,1e-13
rtol_bg,1e-08,4.464890790423226e-09,1e-07,False,1e-13
rtol_bg,1e-10,1.5554668664208293e-11,1e-07,False,1e-13
rtol_bg,1e-12,3.078648447285559e-13,1e-07,True,1e-13
n_grid_bg,101.0,6.664157288227557e-07,1e-06,False,80001
n_grid_bg,201.0,5.676480840932641e-09,1e-06,False,80001
n_grid_bg,501.0,8.994072153711841e-11,1e-06,False,80001
n_grid_bg,2001.0,3.368416656712725e-13,1e-06,False,80001
n_grid_bg,20001.0,4.007905118896815e-13,1e-06,True,80001
ratio_start,30.0,3.592677391095478e-05,1e-05,False,1000.0
ratio_start,100.0,9.036905288528629e-07,1e-05,True,1000.0
ratio_start,300.0,3.755496869040087e-08,1e-05,False,1000.0
ratio_stop,0.001,9.96714943024557e-07,1e-05,True,0.0001
ratio_stop,0.01,0.0001004315248185339,1e-05,False,0.0001
