N_exit_RG,ratio_numerico,ratio_slowroll_NNLO,dev_relativa,tol,juzgado,eps1_RG,eps1_UG,eps2_UG
10.0,0.8875861680283852,0.8875872920681322,-1.2663990991423901e-06,3.440125853739213e-05,True,0.003301198787581901,0.007829963377883145,-0.025834074235465746
20.0,0.8252036266470881,0.8252044618049323,-1.0120617166542445e-06,2.8409772742763822e-05,True,0.0035342816804901198,0.006544668723589302,-0.00992411893999952
30.0,0.781567014190177,0.7815675822461498,-7.268161904550041e-07,2.7669423112592033e-05,True,0.003802755011980025,0.006346687979450149,0.0029624340898898307
40.0,0.7418181814017362,0.7418187156524073,-7.201903374776109e-07,2.956812890119968e-05,True,0.004115336905788988,0.0068323261152985915,0.011084719328146633
50.0,0.6979665065411843,0.6979673336726118,-1.1850575056815416e-06,3.456182251597882e-05,True,0.004483863825635422,0.007858955438034203,0.01662367117670359
60.0,0.6442572137997544,0.644258915501267,-2.641331724895224e-06,4.602682658672555e-05,True,0.004924821116323652,0.009537472994211435,0.02212230014048912
70.0,0.5741676207899654,0.5741717972428338,-7.273873235291717e-06,7.664702449716858e-05,True,0.005461872747693062,0.012360004132377528,0.030120310297461046
80.0,0.4769043533139143,0.47691771557773716,-2.801796491602726e-05,0.00019329440447963693,True,0.006130243887825013,0.017942698591658573,0.04589715532669272
90.0,0.32723346468670456,0.32732295434313463,-0.00027339865793907236,0.001279356103417607,False,0.006984758832820424,0.03475434427149084,0.095924783641651
