potencial,k,PT_RG,PT_UG,ratio
Cuadrático,10472.991844724273,7.493517497951842e-10,6.852547498730577e-10,0.9144634012803122
Cuadrático,85286.22082226712,7.391297903611957e-10,6.618562669580803e-10,0.8954533771864971
Cuadrático,694523.5487611527,7.289075181488427e-10,6.40494395298778e-10,0.8787046084054647
Cuadrático,5655813.508128215,7.186849242629177e-10,6.20820596906311e-10,0.8638286068725093
Cuadrático,46057799.617859215,7.084619994231495e-10,6.025438192978014e-10,0.8504956084989883
Cuadrático,375069104.13333577,6.982387339413337e-10,5.854206598291876e-10,0.8384247842062209
Cuadrático,3054354181.975185,6.880151176971698e-10,5.69247385696224e-10,0.8273762756863993
Cuadrático,24872961718.629974,6.777911401122573e-10,5.53853420783426e-10,0.8171446748207649
Cuadrático,202551566647.83237,6.675667901215154e-10,5.390959892407191e-10,0.8075536369066365
Cuadrático,1649467305727.4775,6.573420561437026e-10,5.248556716876536e-10,0.7984513797378485
Cuadrático,13432344354039.488,6.471169260479442e-10,5.110326853385134e-10,0.7897068748602807
Cuadrático,109385541755810.06,6.368913871189844e-10,4.975437447339541e-10,0.7812065837232035
Cuadrático,890775015130828.0,6.266654260183358e-10,4.843193956690952e-10,0.7728516295311373
Cuadrático,7253976301115537.0,6.164390287436703e-10,4.713017419326863e-10,0.7645553249495247
Cuadrático,5.907234855416023e+16,6.062121805832254e-10,4.5844250377745266e-10,0.7562409969004478
Cuadrático,4.8105235237225395e+17,5.959848660676171e-10,4.457013601591344e-10,0.7478400636243129
Cuadrático,3.917422810957155e+18,5.857570689163047e-10,4.330445353902065e-10,0.7392903276291175
Cuadrático,3.1901312620402835e+19,5.755287719804753e-10,4.2044359647894676e-10,0.7305344527470647
Cuadrático,2.5978654743576612e+20,5.652999571798587e-10,4.0787443126089994e-10,0.7215185957127687
Cuadrático,2.115557156899939e+21,5.550706054336415e-10,3.953163802854695e-10,0.7121911634586268
Cuadrático,1.7227920876915957e+22,5.448406965849201e-10,3.8275149776718306e-10,0.7025016673062097
Cuadrático,1.4029460597330233e+23,5.346102093194564e-10,3.701639189427311e-10,0.6923996446194682
Cuadrático,1.142481243431832e+24,5.24379121073544e-10,3.575393129750879e-10,0.6818336173322643
Cuadrático,9.303731833010977e+24,5.141474079363373e-10,3.4486440197317405e-10,0.6707500546533454
Cuadrático,7.576441759391256e+25,5.039150445385569e-10,3.321265277156328e-10,0.6590923039810538
Cuadrático,6.169832790082735e+26,4.936820039321433e-10,3.1931324804125576e-10,0.646799448831328
Cuadrático,5.024368676812565e+27,4.834482574560386e-10,3.0641194438412527e-10,0.6338050446111871
Cuadrático,4.0915664102133195e+28,4.732137745879611e-10,2.9340942023391626e-10,0.6200356709594835
Cuadrático,3.3319441239344445e+29,4.6297852277944324e-10,2.802914668571714e-10,0.605409221089719
Cuadrático,2.713349981881992e+30,4.5274246727178895e-10,2.670423665583566e-10,0.5898328207811938
Cuadrático,2.2096013169288834e+31,4.425055708921907e-10,2.536442936019686e-10,0.5732002268142403
Cuadrático,1.7993764211675506e+32,4.3226779382264705e-10,2.400765561872824e-10,0.5553884874564173
Cuadrático,1.4653120815269455e+33,4.220290933451217e-10,2.2631459484512885e-10,0.5362535389475059
Cuadrático,1.19326866297138e+34,4.117894235508069e-10,2.123286048399404e-10,0.5156242309699416
Cuadrático,9.717316331315058e+34,4.0154873501396893e-10,1.9808156557604945e-10,0.49329395987054636
Cuadrático,7.913241972491748e+35,3.913069744233918e-10,1.835263035711883e-10,0.4690085165019674
Cuadrático,6.444104151823028e+36,3.8106408416302084e-10,1.686009095422851e-10,0.4424476526372318
Cuadrático,5.247720019670624e+37,3.7082000183603647e-10,1.5322118792855543e-10,0.413195585917462
Cuadrático,4.2734513217110596e+38,3.605746597190168e-10,1.3726734374290218e-10,0.38069048959200247
Cuadrático,3.480061079969787e+39,3.503279841366634e-10,1.205583044560515e-10,0.3441298152448522
Starobinsky,504.03013217549346,6.558112794508604e-12,6.210778996795618e-12,0.9470375382985448
Starobinsky,4247.257696176375,6.557968862011802e-12,6.1427851147648285e-12,0.9366901923472069
Starobinsky,35789.91966188355,6.557823309788741e-12,6.086654923202212e-12,0.9281517106624046
Starobinsky,301587.1512946427,6.557676110332526e-12,6.040112625958808e-12,0.9210751681440587
Starobinsky,2541352.724043269,6.557527235512294e-12,6.001327968900338e-12,0.9151815544737874
Starobinsky,21414949.67632888,6.557376656549321e-12,5.968826881470523e-12,0.9102461539263615
Starobinsky,180455103.81182736,6.557224344003113e-12,5.9414200844995594e-12,0.9060876634384585
Starobinsky,1520622041.3271458,6.557070267752454e-12,5.91814602329263e-12,0.9025594940469005
Starobinsky,12813665802.332346,6.556914396970956e-12,5.898225218719739e-12,0.8995428126138864
Starobinsky,107975569754.70476,6.556756700113397e-12,5.8810237147725625e-12,0.8969409700181268
Starobinsky,909866375766.6434,6.556597144886756e-12,5.866023769712574e-12,0.8946750334184045
Starobinsky,7667075280375.219,6.556435698233737e-12,5.852800312920898e-12,0.8926801973361236
Starobinsky,64607336770094.6,6.556272326308672e-12,5.841001990764211e-12,0.8909028942141007
Starobinsky,544419848753607.7,6.556106994450579e-12,5.830335866496858e-12,0.8892984619427275
Starobinsky,4587605472295141.0,6.555939667164284e-12,5.820555033373542e-12,0.8878292554347397
Starobinsky,3.865789246592569e+16,6.555770308091309e-12,5.811448554908668e-12,0.886463112921455
Starobinsky,3.25754396042126e+17,6.5555988799814386e-12,5.8028332670784016e-12,0.8851721060600998
Starobinsky,2.745000303218917e+18,6.555425344672793e-12,5.794547066908263e-12,0.8839315166051199
Starobinsky,2.3131005310201827e+19,6.555249663056272e-12,5.786443372350419e-12,0.8827189916139044
Starobinsky,1.949156093109236e+20,6.555071795045825e-12,5.778386471976429e-12,0.8815138342715945
Starobinsky,1.642474861924499e+21,6.5548916995556884e-12,5.7702474957161105e-12,0.8802963893525864
Starobinsky,1.3840470148035058e+22,6.554709334461491e-12,5.761900737784569e-12,0.879047482317985
Starobinsky,1.16628033925704e+23,6.554524656568305e-12,5.753220058561663e-12,0.8777478703656028
Starobinsky,9.827771854488977e+23,6.554337621581724e-12,5.7440750864774075e-12,0.8763776628722431
Starobinsky,8.281465130880427e+24,6.554148184063877e-12,5.7343269281529654e-12,0.8749156667064271
Starobinsky,6.978455109604752e+25,6.553956297405426e-12,5.723823060965048e-12,0.8733386066719714
Starobinsky,5.8804613612605236e+26,6.553761913776465e-12,5.712391006516682e-12,0.871620159790797
Starobinsky,4.955226519073576e+27,6.5535649841024334e-12,5.699830240773619e-12,0.8697297203278223
Starobinsky,4.17556860709756e+28,6.553365458005429e-12,5.685901552441434e-12,0.8676307751913449
Starobinsky,3.518582475587543e+29,6.55316328377797e-12,5.670312658699306e-12,0.8652787078777486
Starobinsky,2.9649668829456493e+30,6.552958408320569e-12,5.652698226644158e-12,0.8626177482626302
Starobinsky,2.4984574549432696e+31,6.5527507771046706e-12,5.632591342236201e-12,0.8595766165739875
Starobinsky,2.1053488624331547e+32,6.5525403341356844e-12,5.609381558115594e-12,0.8560621182128902
Starobinsky,1.7740921798683272e+33,6.552327021877376e-12,5.58225122739551e-12,0.8519494232746766
Starobinsky,1.4949555956405457e+34,6.552110781218774e-12,5.550075418458493e-12,0.8470667856177654
Starobinsky,1.2597385064303077e+35,6.551891551409611e-12,5.51125807289977e-12,0.8411705275729184
Starobinsky,1.0615305960999487e+36,6.55166927001421e-12,5.4634506321413245e-12,0.8339020800617236
Starobinsky,8.945088212389678e+36,6.551443872835278e-12,5.403039836871335e-12,0.82470978027826
Starobinsky,7.537663391088698e+37,6.55121529387197e-12,5.324144577204298e-12,0.8126957119214997
Starobinsky,6.351683521540322e+38,6.550983465243866e-12,5.21645385222309e-12,0.796285608092113
